<?xml version="1.0" encoding="UTF-8"?>
<Configuration status="warn">
    <Properties>
        <Property name="basePath">admissionsLogs</Property>
    </Properties>

    <Appenders>
        <RollingFile name="fileLogger" fileName="${basePath}/admissionsCommittee.log" filePattern="${basePath}/admissionsCommittee-%d{yyyy-MM-dd}.log">
            <PatternLayout>
                <pattern>[%-5level] %d{yyyy-MM-dd HH:mm:ss.SSS} [%t] %c{1} - %msg%n</pattern>
            </PatternLayout>
            <Policies>
                <TimeBasedTriggeringPolicy interval="1" modulate="true" />
            </Policies>
        </RollingFile>

    </Appenders>
    <Loggers>
        <Logger name="yaksun.admissionsCommittee" level="debug" additivity="false">
            <appender-ref ref="fileLogger" level="debug" />
        </Logger>
        <Root level="debug" additivity="false">
            <appender-ref ref="fileLogger" level="debug" />
        </Root>
    </Loggers>
</Configuration>